{
  "best_epoch": 1,
  "peak_worker_0_memory_MB": 5805.9609375,
  "peak_gpu_0_memory_MB": 9580.5712890625,
  "training_duration": "3:00:03.849379",
  "training_start_epoch": 0,
  "training_epochs": 13,
  "epoch": 13,
  "training_accuracy": 0.9985443959243085,
  "training_loss": 0.005311464991427784,
  "training_worker_0_memory_MB": 5805.9609375,
  "training_gpu_0_memory_MB": 9580.5712890625,
  "validation_accuracy": 0.6244541484716157,
  "validation_loss": 2.4082563117105367,
  "best_validation_accuracy": 0.6681222707423581,
  "best_validation_loss": 0.6654728714538657
}