{
  "best_epoch": 3,
  "peak_worker_0_memory_MB": 5799.515625,
  "peak_gpu_0_memory_MB": 9580.5712890625,
  "training_duration": "3:05:49.934891",
  "training_start_epoch": 0,
  "training_epochs": 13,
  "epoch": 13,
  "training_accuracy": 0.995147986414362,
  "training_loss": 0.014177557386983609,
  "training_worker_0_memory_MB": 5799.515625,
  "training_gpu_0_memory_MB": 9580.5712890625,
  "validation_accuracy": 0.6157205240174672,
  "validation_loss": 2.3569645677988973,
  "best_validation_accuracy": 0.6550218340611353,
  "best_validation_loss": 0.7590329193246915
}