{
  "best_epoch": 3,
  "peak_worker_0_memory_MB": 5799.515625,
  "peak_gpu_0_memory_MB": 9580.5712890625,
  "training_duration": "3:19:05.087363",
  "training_start_epoch": 0,
  "training_epochs": 14,
  "epoch": 14,
  "training_accuracy": 0.9961183891314895,
  "training_loss": 0.014271923853696605,
  "training_worker_0_memory_MB": 5799.515625,
  "training_gpu_0_memory_MB": 9580.5712890625,
  "validation_accuracy": 0.611353711790393,
  "validation_loss": 2.360182516231852,
  "best_validation_accuracy": 0.6550218340611353,
  "best_validation_loss": 0.7590329193246915
}