{
  "best_epoch": 2,
  "peak_worker_0_memory_MB": 5799.515625,
  "peak_gpu_0_memory_MB": 9580.5712890625,
  "training_duration": "0:39:41.523460",
  "training_start_epoch": 0,
  "training_epochs": 2,
  "epoch": 2,
  "training_accuracy": 0.626394953905871,
  "training_loss": 0.6353378433447617,
  "training_worker_0_memory_MB": 5799.515625,
  "training_gpu_0_memory_MB": 9580.5712890625,
  "validation_accuracy": 0.5851528384279476,
  "validation_loss": 0.7029365592676661,
  "best_validation_accuracy": 0.5851528384279476,
  "best_validation_loss": 0.7029365592676661
}