{
  "best_epoch": 1,
  "peak_worker_0_memory_MB": 5799.515625,
  "peak_gpu_0_memory_MB": 9580.5712890625,
  "training_duration": "0:26:15.117336",
  "training_start_epoch": 0,
  "training_epochs": 1,
  "epoch": 1,
  "training_accuracy": 0.5283842794759825,
  "training_loss": 0.6881995147237411,
  "training_worker_0_memory_MB": 5799.515625,
  "training_gpu_0_memory_MB": 9580.5712890625,
  "validation_accuracy": 0.537117903930131,
  "validation_loss": 0.7077188497004302,
  "best_validation_accuracy": 0.537117903930131,
  "best_validation_loss": 0.7077188497004302
}