{
  "best_epoch": 7,
  "peak_worker_0_memory_MB": 5797.87890625,
  "peak_gpu_0_memory_MB": 9580.5712890625,
  "training_duration": "3:15:43.329233",
  "training_start_epoch": 0,
  "training_epochs": 14,
  "epoch": 14,
  "training_accuracy": 0.9985443959243085,
  "training_loss": 0.005228589716401845,
  "training_worker_0_memory_MB": 5797.87890625,
  "training_gpu_0_memory_MB": 9580.5712890625,
  "validation_accuracy": 0.5982532751091703,
  "validation_loss": 2.5627825923563923,
  "best_validation_accuracy": 0.6593886462882096,
  "best_validation_loss": 2.0602111723904155
}