{
  "best_epoch": 4,
  "peak_worker_0_memory_MB": 7239.30078125,
  "peak_gpu_0_memory_MB": 9604.11767578125,
  "training_duration": "5:17:20.671401",
  "training_start_epoch": 0,
  "training_epochs": 8,
  "epoch": 8,
  "training_accuracy": 0.9964994165694282,
  "training_loss": 0.011323299484461207,
  "training_worker_0_memory_MB": 7239.30078125,
  "training_gpu_0_memory_MB": 9604.11767578125,
  "validation_accuracy": 0.8525993883792049,
  "validation_loss": 0.9472275368931495,
  "best_validation_accuracy": 0.8532110091743119,
  "best_validation_loss": 0.7378389991831606
}