{
  "best_epoch": 4,
  "peak_worker_0_memory_MB": 7239.30078125,
  "peak_gpu_0_memory_MB": 9604.11767578125,
  "training_duration": "2:56:12.047712",
  "training_start_epoch": 0,
  "training_epochs": 4,
  "epoch": 4,
  "training_accuracy": 0.9856263922775008,
  "training_loss": 0.04594797713993935,
  "training_worker_0_memory_MB": 7239.30078125,
  "training_gpu_0_memory_MB": 9604.11767578125,
  "validation_accuracy": 0.8532110091743119,
  "validation_loss": 0.7378389991831606,
  "best_validation_accuracy": 0.8532110091743119,
  "best_validation_loss": 0.7378389991831606
}