{
  "best_epoch": 1,
  "peak_worker_0_memory_MB": 5804.37890625,
  "peak_gpu_0_memory_MB": 9580.5712890625,
  "training_duration": "0:24:51.618334",
  "training_start_epoch": 0,
  "training_epochs": 1,
  "epoch": 1,
  "training_accuracy": 0.5735080058224163,
  "training_loss": 0.6775378332401697,
  "training_worker_0_memory_MB": 5804.37890625,
  "training_gpu_0_memory_MB": 9580.5712890625,
  "validation_accuracy": 0.5938864628820961,
  "validation_loss": 0.7259408497292063,
  "best_validation_accuracy": 0.5938864628820961,
  "best_validation_loss": 0.7259408497292063
}