{
  "best_epoch": 6,
  "peak_worker_0_memory_MB": 5804.37890625,
  "peak_gpu_0_memory_MB": 9580.5712890625,
  "training_duration": "3:00:33.166104",
  "training_start_epoch": 0,
  "training_epochs": 13,
  "epoch": 13,
  "training_accuracy": 0.9888403687530325,
  "training_loss": 0.038147460152588165,
  "training_worker_0_memory_MB": 5804.37890625,
  "training_gpu_0_memory_MB": 9580.5712890625,
  "validation_accuracy": 0.6419213973799127,
  "validation_loss": 1.9618507427954288,
  "best_validation_accuracy": 0.6637554585152838,
  "best_validation_loss": 1.3622769601845548
}