{
  "best_epoch": 6,
  "peak_worker_0_memory_MB": 5804.37890625,
  "peak_gpu_0_memory_MB": 9580.5712890625,
  "training_duration": "1:56:20.991421",
  "training_start_epoch": 0,
  "training_epochs": 8,
  "epoch": 8,
  "training_accuracy": 0.9640950994662785,
  "training_loss": 0.09721673180773416,
  "training_worker_0_memory_MB": 5804.37890625,
  "training_gpu_0_memory_MB": 9580.5712890625,
  "validation_accuracy": 0.6419213973799127,
  "validation_loss": 1.6217849070074684,
  "best_validation_accuracy": 0.6637554585152838,
  "best_validation_loss": 1.3622769601845548
}