{
  "best_epoch": 4,
  "peak_worker_0_memory_MB": 5241.06640625,
  "peak_gpu_0_memory_MB": 6843.7177734375,
  "training_duration": "0:24:03.274858",
  "training_start_epoch": 0,
  "training_epochs": 5,
  "epoch": 5,
  "training_loss": 1.3628944103534406,
  "training_worker_0_memory_MB": 5241.06640625,
  "training_gpu_0_memory_MB": 6843.7177734375,
  "validation_bleu_BLEU": 0.22009475754130128,
  "validation_rouge_ROUGE-1_R": 0.48668713811073533,
  "validation_rouge_ROUGE-2_R": 0.32306495069142865,
  "validation_rouge_ROUGE-1_P": 0.6646851204178024,
  "validation_rouge_ROUGE-2_P": 0.4460097388095322,
  "validation_rouge_ROUGE-1_F1": 0.5501704833257606,
  "validation_rouge_ROUGE-2_F1": 0.3664692898715505,
  "validation_rouge_ROUGE-L": 0.48046313095441145,
  "validation_SARI": 0.5546110228424443,
  "validation_count": 229,
  "validation_loss": 1.3894201048042463,
  "best_validation_bleu_BLEU": 0.23284407571216537,
  "best_validation_rouge_ROUGE-1_R": 0.5092627575155997,
  "best_validation_rouge_ROUGE-2_R": 0.33558998105361654,
  "best_validation_rouge_ROUGE-1_P": 0.6462915493180417,
  "best_validation_rouge_ROUGE-2_P": 0.42989922241015277,
  "best_validation_rouge_ROUGE-1_F1": 0.556441954424671,
  "best_validation_rouge_ROUGE-2_F1": 0.3679264667684105,
  "best_validation_rouge_ROUGE-L": 0.47816708717683903,
  "best_validation_SARI": 0.5556535531644111,
  "best_validation_count": 229,
  "best_validation_loss": 1.3955534100532532
}