{
  "best_epoch": 12,
  "best_validation_bleu_BLEU": 0.22927502645233203,
  "best_validation_rouge_ROUGE-1_R": 0.5110853568313449,
  "best_validation_rouge_ROUGE-2_R": 0.334400590968958,
  "best_validation_rouge_ROUGE-1_P": 0.6440018367732946,
  "best_validation_rouge_ROUGE-2_P": 0.4241658482420552,
  "best_validation_rouge_ROUGE-1_F1": 0.5574265409595194,
  "best_validation_rouge_ROUGE-2_F1": 0.365635321627187,
  "best_validation_rouge_ROUGE-L": 0.47998411251158934,
  "best_validation_SARI": 0.5589084219194753,
  "best_validation_count": 229,
  "best_validation_loss": 1.4047270202118418,
  "peak_worker_0_memory_MB": 12006.3359375,
  "peak_gpu_0_memory_MB": 6844.26171875,
  "training_duration": "0:19:11.880716",
  "training_start_epoch": 8,
  "training_epochs": 4,
  "epoch": 12,
  "training_loss": 1.050323548511817,
  "training_worker_0_memory_MB": 12006.3359375,
  "training_gpu_0_memory_MB": 6844.26171875,
  "validation_bleu_BLEU": 0.22927502645233203,
  "validation_rouge_ROUGE-1_R": 0.5110853568313449,
  "validation_rouge_ROUGE-2_R": 0.334400590968958,
  "validation_rouge_ROUGE-1_P": 0.6440018367732946,
  "validation_rouge_ROUGE-2_P": 0.4241658482420552,
  "validation_rouge_ROUGE-1_F1": 0.5574265409595194,
  "validation_rouge_ROUGE-2_F1": 0.365635321627187,
  "validation_rouge_ROUGE-L": 0.47998411251158934,
  "validation_SARI": 0.5589084219194753,
  "validation_count": 229,
  "validation_loss": 1.4047270202118418
}