{
  "best_epoch": 0,
  "peak_worker_0_memory_MB": 5241.06640625,
  "peak_gpu_0_memory_MB": 1550.07080078125,
  "training_duration": "0:03:43.313317",
  "training_start_epoch": 0,
  "training_epochs": 0,
  "epoch": 0,
  "training_loss": 3.051596155533424,
  "training_worker_0_memory_MB": 5241.06640625,
  "training_gpu_0_memory_MB": 1550.07080078125,
  "validation_bleu_BLEU": 0.19826057790363458,
  "validation_rouge_ROUGE-1_R": 0.47327531500428627,
  "validation_rouge_ROUGE-2_R": 0.30913914578594465,
  "validation_rouge_ROUGE-1_P": 0.6984096205549013,
  "validation_rouge_ROUGE-2_P": 0.46553336502433673,
  "validation_rouge_ROUGE-1_F1": 0.5528590860760302,
  "validation_rouge_ROUGE-2_F1": 0.3637319600861268,
  "validation_rouge_ROUGE-L": 0.4853282291201928,
  "validation_SARI": 0.5212586027994287,
  "validation_count": 229,
  "validation_loss": 1.6389613654302515,
  "best_validation_bleu_BLEU": 0.19826057790363458,
  "best_validation_rouge_ROUGE-1_R": 0.47327531500428627,
  "best_validation_rouge_ROUGE-2_R": 0.30913914578594465,
  "best_validation_rouge_ROUGE-1_P": 0.6984096205549013,
  "best_validation_rouge_ROUGE-2_P": 0.46553336502433673,
  "best_validation_rouge_ROUGE-1_F1": 0.5528590860760302,
  "best_validation_rouge_ROUGE-2_F1": 0.3637319600861268,
  "best_validation_rouge_ROUGE-L": 0.4853282291201928,
  "best_validation_SARI": 0.5212586027994287,
  "best_validation_count": 229,
  "best_validation_loss": 1.6389613654302515
}