{
  "best_epoch": 6,
  "peak_worker_0_memory_MB": 5241.06640625,
  "peak_gpu_0_memory_MB": 6843.7177734375,
  "training_duration": "0:27:59.699399",
  "training_start_epoch": 0,
  "training_epochs": 6,
  "epoch": 6,
  "training_loss": 1.2986565205626763,
  "training_worker_0_memory_MB": 5241.06640625,
  "training_gpu_0_memory_MB": 6843.7177734375,
  "validation_bleu_BLEU": 0.22793922464691932,
  "validation_rouge_ROUGE-1_R": 0.5091737231298814,
  "validation_rouge_ROUGE-2_R": 0.33085846651696343,
  "validation_rouge_ROUGE-1_P": 0.6457018314764202,
  "validation_rouge_ROUGE-2_P": 0.4237671245521364,
  "validation_rouge_ROUGE-1_F1": 0.5561820533673724,
  "validation_rouge_ROUGE-2_F1": 0.3629262701022614,
  "validation_rouge_ROUGE-L": 0.47741710042543706,
  "validation_SARI": 0.5578221289173559,
  "validation_count": 229,
  "validation_loss": 1.3918291975622592,
  "best_validation_bleu_BLEU": 0.22793922464691932,
  "best_validation_rouge_ROUGE-1_R": 0.5091737231298814,
  "best_validation_rouge_ROUGE-2_R": 0.33085846651696343,
  "best_validation_rouge_ROUGE-1_P": 0.6457018314764202,
  "best_validation_rouge_ROUGE-2_P": 0.4237671245521364,
  "best_validation_rouge_ROUGE-1_F1": 0.5561820533673724,
  "best_validation_rouge_ROUGE-2_F1": 0.3629262701022614,
  "best_validation_rouge_ROUGE-L": 0.47741710042543706,
  "best_validation_SARI": 0.5578221289173559,
  "best_validation_count": 229,
  "best_validation_loss": 1.3918291975622592
}