{
  "best_epoch": 7,
  "best_validation_bleu_BLEU": 0.23271617430344674,
  "best_validation_rouge_ROUGE-1_R": 0.5131658534125416,
  "best_validation_rouge_ROUGE-2_R": 0.3370523576078027,
  "best_validation_rouge_ROUGE-1_P": 0.6452322919593046,
  "best_validation_rouge_ROUGE-2_P": 0.428148708606809,
  "best_validation_rouge_ROUGE-1_F1": 0.5594987151060831,
  "best_validation_rouge_ROUGE-2_F1": 0.36868790620590336,
  "best_validation_rouge_ROUGE-L": 0.48133063437598134,
  "best_validation_SARI": 0.5587880918306819,
  "best_validation_count": 229,
  "best_validation_loss": 1.387019514000934,
  "peak_worker_0_memory_MB": 12006.3359375,
  "peak_gpu_0_memory_MB": 6843.88623046875,
  "training_duration": "0:07:42.116193",
  "training_start_epoch": 8,
  "training_epochs": 1,
  "epoch": 9,
  "training_loss": 1.1492708586156368,
  "training_worker_0_memory_MB": 12006.3359375,
  "training_gpu_0_memory_MB": 6843.88623046875,
  "validation_bleu_BLEU": 0.22883138086027507,
  "validation_rouge_ROUGE-1_R": 0.5084337351392516,
  "validation_rouge_ROUGE-2_R": 0.3328556970520853,
  "validation_rouge_ROUGE-1_P": 0.6473635510912581,
  "validation_rouge_ROUGE-2_P": 0.42761022687896444,
  "validation_rouge_ROUGE-1_F1": 0.5555714776432651,
  "validation_rouge_ROUGE-2_F1": 0.3648266902281574,
  "validation_rouge_ROUGE-L": 0.48491943275434113,
  "validation_SARI": 0.5559785611892261,
  "validation_count": 229,
  "validation_loss": 1.394912622804227
}