{
  "best_epoch": 7,
  "best_validation_bleu_BLEU": 0.23271617430344674,
  "best_validation_rouge_ROUGE-1_R": 0.5131658534125416,
  "best_validation_rouge_ROUGE-2_R": 0.3370523576078027,
  "best_validation_rouge_ROUGE-1_P": 0.6452322919593046,
  "best_validation_rouge_ROUGE-2_P": 0.428148708606809,
  "best_validation_rouge_ROUGE-1_F1": 0.5594987151060831,
  "best_validation_rouge_ROUGE-2_F1": 0.36868790620590336,
  "best_validation_rouge_ROUGE-L": 0.48133063437598134,
  "best_validation_SARI": 0.5587880918306819,
  "best_validation_count": 229,
  "best_validation_loss": 1.387019514000934,
  "peak_worker_0_memory_MB": 12006.3359375,
  "peak_gpu_0_memory_MB": 6844.26171875,
  "training_duration": "0:11:34.492841",
  "training_start_epoch": 8,
  "training_epochs": 2,
  "epoch": 10,
  "training_loss": 1.1021385834767268,
  "training_worker_0_memory_MB": 12006.3359375,
  "training_gpu_0_memory_MB": 6844.26171875,
  "validation_bleu_BLEU": 0.22542279075194802,
  "validation_rouge_ROUGE-1_R": 0.5109864102116126,
  "validation_rouge_ROUGE-2_R": 0.3285702692923475,
  "validation_rouge_ROUGE-1_P": 0.6239765900034856,
  "validation_rouge_ROUGE-2_P": 0.40389128220619275,
  "validation_rouge_ROUGE-1_F1": 0.5490074330145256,
  "validation_rouge_ROUGE-2_F1": 0.35378501867386586,
  "validation_rouge_ROUGE-L": 0.4725174868658246,
  "validation_SARI": 0.5517663558048603,
  "validation_count": 229,
  "validation_loss": 1.3991608759631282
}