{
  "best_epoch": 4,
  "peak_worker_0_memory_MB": 5241.06640625,
  "peak_gpu_0_memory_MB": 6843.7177734375,
  "training_duration": "0:20:00.262850",
  "training_start_epoch": 0,
  "training_epochs": 4,
  "epoch": 4,
  "training_loss": 1.4329759374260902,
  "training_worker_0_memory_MB": 5241.06640625,
  "training_gpu_0_memory_MB": 6843.7177734375,
  "validation_bleu_BLEU": 0.23284407571216537,
  "validation_rouge_ROUGE-1_R": 0.5092627575155997,
  "validation_rouge_ROUGE-2_R": 0.33558998105361654,
  "validation_rouge_ROUGE-1_P": 0.6462915493180417,
  "validation_rouge_ROUGE-2_P": 0.42989922241015277,
  "validation_rouge_ROUGE-1_F1": 0.556441954424671,
  "validation_rouge_ROUGE-2_F1": 0.3679264667684105,
  "validation_rouge_ROUGE-L": 0.47816708717683903,
  "validation_SARI": 0.5556535531644111,
  "validation_count": 229,
  "validation_loss": 1.3955534100532532,
  "best_validation_bleu_BLEU": 0.23284407571216537,
  "best_validation_rouge_ROUGE-1_R": 0.5092627575155997,
  "best_validation_rouge_ROUGE-2_R": 0.33558998105361654,
  "best_validation_rouge_ROUGE-1_P": 0.6462915493180417,
  "best_validation_rouge_ROUGE-2_P": 0.42989922241015277,
  "best_validation_rouge_ROUGE-1_F1": 0.556441954424671,
  "best_validation_rouge_ROUGE-2_F1": 0.3679264667684105,
  "best_validation_rouge_ROUGE-L": 0.47816708717683903,
  "best_validation_SARI": 0.5556535531644111,
  "best_validation_count": 229,
  "best_validation_loss": 1.3955534100532532
}