{
  "best_epoch": 7,
  "best_validation_bleu_BLEU": 0.23271617430344674,
  "best_validation_rouge_ROUGE-1_R": 0.5131658534125416,
  "best_validation_rouge_ROUGE-2_R": 0.3370523576078027,
  "best_validation_rouge_ROUGE-1_P": 0.6452322919593046,
  "best_validation_rouge_ROUGE-2_P": 0.428148708606809,
  "best_validation_rouge_ROUGE-1_F1": 0.5594987151060831,
  "best_validation_rouge_ROUGE-2_F1": 0.36868790620590336,
  "best_validation_rouge_ROUGE-L": 0.48133063437598134,
  "best_validation_SARI": 0.5587880918306819,
  "best_validation_count": 229,
  "best_validation_loss": 1.387019514000934,
  "peak_worker_0_memory_MB": 12006.3359375,
  "peak_gpu_0_memory_MB": 6844.26171875,
  "training_duration": "0:15:27.873490",
  "training_start_epoch": 8,
  "training_epochs": 3,
  "epoch": 11,
  "training_loss": 1.0785581222233864,
  "training_worker_0_memory_MB": 12006.3359375,
  "training_gpu_0_memory_MB": 6844.26171875,
  "validation_bleu_BLEU": 0.233117962429361,
  "validation_rouge_ROUGE-1_R": 0.5186533768762379,
  "validation_rouge_ROUGE-2_R": 0.3371487826999034,
  "validation_rouge_ROUGE-1_P": 0.6300573407471639,
  "validation_rouge_ROUGE-2_P": 0.41133971955472154,
  "validation_rouge_ROUGE-1_F1": 0.5565274202031245,
  "validation_rouge_ROUGE-2_F1": 0.3623960534379972,
  "validation_rouge_ROUGE-L": 0.47980559034032255,
  "validation_SARI": 0.55291921706155,
  "validation_count": 229,
  "validation_loss": 1.3994293772655986
}