{
  "best_epoch": 1,
  "peak_worker_0_memory_MB": 5241.06640625,
  "peak_gpu_0_memory_MB": 6843.52685546875,
  "training_duration": "0:07:33.118462",
  "training_start_epoch": 0,
  "training_epochs": 1,
  "epoch": 1,
  "training_loss": 1.8503033203574328,
  "training_worker_0_memory_MB": 5241.06640625,
  "training_gpu_0_memory_MB": 6843.52685546875,
  "validation_bleu_BLEU": 0.2129941008852396,
  "validation_rouge_ROUGE-1_R": 0.47936252131091034,
  "validation_rouge_ROUGE-2_R": 0.3127728368158808,
  "validation_rouge_ROUGE-1_P": 0.6803859598232513,
  "validation_rouge_ROUGE-2_P": 0.4536143120113354,
  "validation_rouge_ROUGE-1_F1": 0.5518291383221576,
  "validation_rouge_ROUGE-2_F1": 0.36301755720175355,
  "validation_rouge_ROUGE-L": 0.482195767983335,
  "validation_SARI": 0.5299010827568906,
  "validation_count": 229,
  "validation_loss": 1.4993088043254355,
  "best_validation_bleu_BLEU": 0.2129941008852396,
  "best_validation_rouge_ROUGE-1_R": 0.47936252131091034,
  "best_validation_rouge_ROUGE-2_R": 0.3127728368158808,
  "best_validation_rouge_ROUGE-1_P": 0.6803859598232513,
  "best_validation_rouge_ROUGE-2_P": 0.4536143120113354,
  "best_validation_rouge_ROUGE-1_F1": 0.5518291383221576,
  "best_validation_rouge_ROUGE-2_F1": 0.36301755720175355,
  "best_validation_rouge_ROUGE-L": 0.482195767983335,
  "best_validation_SARI": 0.5299010827568906,
  "best_validation_count": 229,
  "best_validation_loss": 1.4993088043254355
}