{
  "best_epoch": 3,
  "peak_worker_0_memory_MB": 5241.06640625,
  "peak_gpu_0_memory_MB": 6843.7177734375,
  "training_duration": "0:15:50.317286",
  "training_start_epoch": 0,
  "training_epochs": 3,
  "epoch": 3,
  "training_loss": 1.5271026458877783,
  "training_worker_0_memory_MB": 5241.06640625,
  "training_gpu_0_memory_MB": 6843.7177734375,
  "validation_bleu_BLEU": 0.21844017302483512,
  "validation_rouge_ROUGE-1_R": 0.4871093947655881,
  "validation_rouge_ROUGE-2_R": 0.32408926963157364,
  "validation_rouge_ROUGE-1_P": 0.6816405840523934,
  "validation_rouge_ROUGE-2_P": 0.4595030612311537,
  "validation_rouge_ROUGE-1_F1": 0.5565745893541088,
  "validation_rouge_ROUGE-2_F1": 0.3718660390073084,
  "validation_rouge_ROUGE-L": 0.48823175558027276,
  "validation_SARI": 0.5507409051330346,
  "validation_count": 229,
  "validation_loss": 1.4197587650755177,
  "best_validation_bleu_BLEU": 0.21844017302483512,
  "best_validation_rouge_ROUGE-1_R": 0.4871093947655881,
  "best_validation_rouge_ROUGE-2_R": 0.32408926963157364,
  "best_validation_rouge_ROUGE-1_P": 0.6816405840523934,
  "best_validation_rouge_ROUGE-2_P": 0.4595030612311537,
  "best_validation_rouge_ROUGE-1_F1": 0.5565745893541088,
  "best_validation_rouge_ROUGE-2_F1": 0.3718660390073084,
  "best_validation_rouge_ROUGE-L": 0.48823175558027276,
  "best_validation_SARI": 0.5507409051330346,
  "best_validation_count": 229,
  "best_validation_loss": 1.4197587650755177
}