{
  "best_epoch": 2,
  "peak_worker_0_memory_MB": 5241.06640625,
  "peak_gpu_0_memory_MB": 6843.7177734375,
  "training_duration": "0:11:37.069737",
  "training_start_epoch": 0,
  "training_epochs": 2,
  "epoch": 2,
  "training_loss": 1.6564875388088134,
  "training_worker_0_memory_MB": 5241.06640625,
  "training_gpu_0_memory_MB": 6843.7177734375,
  "validation_bleu_BLEU": 0.21081896712843523,
  "validation_rouge_ROUGE-1_R": 0.4765100631471707,
  "validation_rouge_ROUGE-2_R": 0.3167230034222422,
  "validation_rouge_ROUGE-1_P": 0.6988729989690408,
  "validation_rouge_ROUGE-2_P": 0.47340112472919327,
  "validation_rouge_ROUGE-1_F1": 0.555459512562677,
  "validation_rouge_ROUGE-2_F1": 0.37158887980144967,
  "validation_rouge_ROUGE-L": 0.4856091778294131,
  "validation_SARI": 0.5407535295967465,
  "validation_count": 229,
  "validation_loss": 1.446864356165347,
  "best_validation_bleu_BLEU": 0.21081896712843523,
  "best_validation_rouge_ROUGE-1_R": 0.4765100631471707,
  "best_validation_rouge_ROUGE-2_R": 0.3167230034222422,
  "best_validation_rouge_ROUGE-1_P": 0.6988729989690408,
  "best_validation_rouge_ROUGE-2_P": 0.47340112472919327,
  "best_validation_rouge_ROUGE-1_F1": 0.555459512562677,
  "best_validation_rouge_ROUGE-2_F1": 0.37158887980144967,
  "best_validation_rouge_ROUGE-L": 0.4856091778294131,
  "best_validation_SARI": 0.5407535295967465,
  "best_validation_count": 229,
  "best_validation_loss": 1.446864356165347
}