{
  "best_epoch": 5,
  "peak_worker_0_memory_MB": 7092.40625,
  "peak_gpu_0_memory_MB": 9572.26025390625,
  "training_duration": "2:45:13.341155",
  "training_start_epoch": 0,
  "training_epochs": 8,
  "epoch": 8,
  "training_accuracy": 0.9958629468547788,
  "training_loss": 0.013330518733155104,
  "training_worker_0_memory_MB": 7092.40625,
  "training_gpu_0_memory_MB": 9572.26025390625,
  "validation_accuracy": 0.8562691131498471,
  "validation_loss": 0.8489198373514784,
  "best_validation_accuracy": 0.8590214067278288,
  "best_validation_loss": 0.657437597946287
}