{
  "best_epoch": 1,
  "peak_worker_0_memory_MB": 7092.40625,
  "peak_gpu_0_memory_MB": 9572.26025390625,
  "training_duration": "1:31:27.510155",
  "training_start_epoch": 0,
  "training_epochs": 4,
  "epoch": 4,
  "training_accuracy": 0.9815423782751671,
  "training_loss": 0.06033543642532989,
  "training_worker_0_memory_MB": 7092.40625,
  "training_gpu_0_memory_MB": 9572.26025390625,
  "validation_accuracy": 0.8525993883792049,
  "validation_loss": 0.5910280540997778,
  "best_validation_accuracy": 0.8571865443425076,
  "best_validation_loss": 0.36766954183789247
}