{
  "best_epoch": 5,
  "peak_worker_0_memory_MB": 7092.40625,
  "peak_gpu_0_memory_MB": 9572.26025390625,
  "training_duration": "2:08:27.520366",
  "training_start_epoch": 0,
  "training_epochs": 6,
  "epoch": 6,
  "training_accuracy": 0.9908772674233585,
  "training_loss": 0.029127153155160946,
  "training_worker_0_memory_MB": 7092.40625,
  "training_gpu_0_memory_MB": 9572.26025390625,
  "validation_accuracy": 0.8550458715596331,
  "validation_loss": 0.7376537941005382,
  "best_validation_accuracy": 0.8590214067278288,
  "best_validation_loss": 0.657437597946287
}