{
  "best_epoch": 5,
  "peak_worker_0_memory_MB": 7092.40625,
  "peak_gpu_0_memory_MB": 9572.26025390625,
  "training_duration": "1:49:51.612180",
  "training_start_epoch": 0,
  "training_epochs": 5,
  "epoch": 5,
  "training_accuracy": 0.9871645274212368,
  "training_loss": 0.03775822491312838,
  "training_worker_0_memory_MB": 7092.40625,
  "training_gpu_0_memory_MB": 9572.26025390625,
  "validation_accuracy": 0.8590214067278288,
  "validation_loss": 0.657437597946287,
  "best_validation_accuracy": 0.8590214067278288,
  "best_validation_loss": 0.657437597946287
}