{
  "best_epoch": 7,
  "best_validation_bleu_BLEU": 0.23271617430344674,
  "best_validation_rouge_ROUGE-1_R": 0.5131658534125416,
  "best_validation_rouge_ROUGE-2_R": 0.3370523576078027,
  "best_validation_rouge_ROUGE-1_P": 0.6452322919593046,
  "best_validation_rouge_ROUGE-2_P": 0.428148708606809,
  "best_validation_rouge_ROUGE-1_F1": 0.5594987151060831,
  "best_validation_rouge_ROUGE-2_F1": 0.36868790620590336,
  "best_validation_rouge_ROUGE-L": 0.48133063437598134,
  "best_validation_SARI": 0.5587880918306819,
  "best_validation_count": 229,
  "best_validation_loss": 1.387019514000934,
  "peak_worker_0_memory_MB": 12006.3359375,
  "peak_gpu_0_memory_MB": 4649.82861328125,
  "training_duration": "0:03:49.975816",
  "training_start_epoch": 8,
  "training_epochs": 0,
  "epoch": 8,
  "training_loss": 1.148948566443645,
  "training_worker_0_memory_MB": 12006.3359375,
  "training_gpu_0_memory_MB": 4649.82861328125,
  "validation_bleu_BLEU": 0.2297457596845795,
  "validation_rouge_ROUGE-1_R": 0.510732825491233,
  "validation_rouge_ROUGE-2_R": 0.33299094711072635,
  "validation_rouge_ROUGE-1_P": 0.628264074438518,
  "validation_rouge_ROUGE-2_P": 0.4134579917985119,
  "validation_rouge_ROUGE-1_F1": 0.5501502375917527,
  "validation_rouge_ROUGE-2_F1": 0.36004941939259905,
  "validation_rouge_ROUGE-L": 0.474022872118562,
  "validation_SARI": 0.5533951750895507,
  "validation_count": 229,
  "validation_loss": 1.4085498967896337
}