{
  "best_epoch": 7,
  "peak_worker_0_memory_MB": 5241.06640625,
  "peak_gpu_0_memory_MB": 6843.7177734375,
  "training_duration": "0:32:17.560024",
  "training_start_epoch": 0,
  "training_epochs": 7,
  "epoch": 7,
  "training_loss": 1.2413893991078322,
  "training_worker_0_memory_MB": 5241.06640625,
  "training_gpu_0_memory_MB": 6843.7177734375,
  "validation_bleu_BLEU": 0.23271617430344674,
  "validation_rouge_ROUGE-1_R": 0.5131658534125416,
  "validation_rouge_ROUGE-2_R": 0.3370523576078027,
  "validation_rouge_ROUGE-1_P": 0.6452322919593046,
  "validation_rouge_ROUGE-2_P": 0.428148708606809,
  "validation_rouge_ROUGE-1_F1": 0.5594987151060831,
  "validation_rouge_ROUGE-2_F1": 0.36868790620590336,
  "validation_rouge_ROUGE-L": 0.48133063437598134,
  "validation_SARI": 0.5587880918306819,
  "validation_count": 229,
  "validation_loss": 1.387019514000934,
  "best_validation_bleu_BLEU": 0.23271617430344674,
  "best_validation_rouge_ROUGE-1_R": 0.5131658534125416,
  "best_validation_rouge_ROUGE-2_R": 0.3370523576078027,
  "best_validation_rouge_ROUGE-1_P": 0.6452322919593046,
  "best_validation_rouge_ROUGE-2_P": 0.428148708606809,
  "best_validation_rouge_ROUGE-1_F1": 0.5594987151060831,
  "best_validation_rouge_ROUGE-2_F1": 0.36868790620590336,
  "best_validation_rouge_ROUGE-L": 0.48133063437598134,
  "best_validation_SARI": 0.5587880918306819,
  "best_validation_count": 229,
  "best_validation_loss": 1.387019514000934
}