{
  "best_epoch": 14,
  "best_validation_bleu_BLEU": 0.23067967081344767,
  "best_validation_rouge_ROUGE-1_R": 0.5076332078599389,
  "best_validation_rouge_ROUGE-2_R": 0.3339668676158624,
  "best_validation_rouge_ROUGE-1_P": 0.6481379800943231,
  "best_validation_rouge_ROUGE-2_P": 0.4302082527724172,
  "best_validation_rouge_ROUGE-1_F1": 0.5578461450661512,
  "best_validation_rouge_ROUGE-2_F1": 0.36797590911679146,
  "best_validation_rouge_ROUGE-L": 0.4835590241960094,
  "best_validation_SARI": 0.5600714021380732,
  "best_validation_count": 229,
  "best_validation_loss": 1.4160231110842332,
  "peak_worker_0_memory_MB": 12006.3359375,
  "peak_gpu_0_memory_MB": 6844.26171875,
  "training_duration": "0:27:00.588433",
  "training_start_epoch": 8,
  "training_epochs": 6,
  "epoch": 14,
  "training_loss": 1.03336530568508,
  "training_worker_0_memory_MB": 12006.3359375,
  "training_gpu_0_memory_MB": 6844.26171875,
  "validation_bleu_BLEU": 0.23067967081344767,
  "validation_rouge_ROUGE-1_R": 0.5076332078599389,
  "validation_rouge_ROUGE-2_R": 0.3339668676158624,
  "validation_rouge_ROUGE-1_P": 0.6481379800943231,
  "validation_rouge_ROUGE-2_P": 0.4302082527724172,
  "validation_rouge_ROUGE-1_F1": 0.5578461450661512,
  "validation_rouge_ROUGE-2_F1": 0.36797590911679146,
  "validation_rouge_ROUGE-L": 0.4835590241960094,
  "validation_SARI": 0.5600714021380732,
  "validation_count": 229,
  "validation_loss": 1.4160231110842332
}