{
  "best_epoch": 1,
  "peak_worker_0_memory_MB": 5805.9609375,
  "peak_gpu_0_memory_MB": 9580.5712890625,
  "training_duration": "3:12:56.505012",
  "training_start_epoch": 0,
  "training_epochs": 14,
  "epoch": 14,
  "training_accuracy": 0.997573993207181,
  "training_loss": 0.007650818340474731,
  "training_worker_0_memory_MB": 5805.9609375,
  "training_gpu_0_memory_MB": 9580.5712890625,
  "validation_accuracy": 0.6200873362445415,
  "validation_loss": 2.4044378369376593,
  "best_validation_accuracy": 0.6681222707423581,
  "best_validation_loss": 0.6654728714538657
}