{
  "best_epoch": 2,
  "peak_worker_0_memory_MB": 5804.65625,
  "peak_gpu_0_memory_MB": 9580.5712890625,
  "training_duration": "0:36:57.306676",
  "training_start_epoch": 0,
  "training_epochs": 2,
  "epoch": 2,
  "training_accuracy": 0.6443474041727317,
  "training_loss": 0.6207468146744829,
  "training_worker_0_memory_MB": 5804.65625,
  "training_gpu_0_memory_MB": 9580.5712890625,
  "validation_accuracy": 0.6331877729257642,
  "validation_loss": 0.6792571886402109,
  "best_validation_accuracy": 0.6331877729257642,
  "best_validation_loss": 0.6792571886402109
}