{
  "best_epoch": 6,
  "peak_worker_0_memory_MB": 5804.65625,
  "peak_gpu_0_memory_MB": 9580.5712890625,
  "training_duration": "1:26:44.644844",
  "training_start_epoch": 0,
  "training_epochs": 6,
  "epoch": 6,
  "training_accuracy": 0.9252789907811741,
  "training_loss": 0.19489532847521612,
  "training_worker_0_memory_MB": 5804.65625,
  "training_gpu_0_memory_MB": 9580.5712890625,
  "validation_accuracy": 0.6637554585152838,
  "validation_loss": 1.3622769601845548,
  "best_validation_accuracy": 0.6637554585152838,
  "best_validation_loss": 1.3622769601845548
}