{
  "best_epoch": 3,
  "peak_worker_0_memory_MB": 5804.65625,
  "peak_gpu_0_memory_MB": 9580.5712890625,
  "training_duration": "1:02:04.753267",
  "training_start_epoch": 0,
  "training_epochs": 4,
  "epoch": 4,
  "training_accuracy": 0.8127122755943716,
  "training_loss": 0.40306163168010806,
  "training_worker_0_memory_MB": 5804.65625,
  "training_gpu_0_memory_MB": 9580.5712890625,
  "validation_accuracy": 0.6462882096069869,
  "validation_loss": 0.9904860816248086,
  "best_validation_accuracy": 0.6506550218340611,
  "best_validation_loss": 0.7456326314531591
}