{
  "best_epoch": 2,
  "peak_worker_0_memory_MB": 5797.87890625,
  "peak_gpu_0_memory_MB": 9580.5712890625,
  "training_duration": "1:05:18.418465",
  "training_start_epoch": 0,
  "training_epochs": 4,
  "epoch": 4,
  "training_accuracy": 0.9131489568170791,
  "training_loss": 0.2109727138299674,
  "training_worker_0_memory_MB": 5797.87890625,
  "training_gpu_0_memory_MB": 9580.5712890625,
  "validation_accuracy": 0.6157205240174672,
  "validation_loss": 1.2489759619651444,
  "best_validation_accuracy": 0.6462882096069869,
  "best_validation_loss": 0.6533409406309543
}