{
  "best_epoch": 1,
  "peak_worker_0_memory_MB": 5797.87890625,
  "peak_gpu_0_memory_MB": 9580.5712890625,
  "training_duration": "0:25:48.607424",
  "training_start_epoch": 0,
  "training_epochs": 1,
  "epoch": 1,
  "training_accuracy": 0.5342066957787481,
  "training_loss": 0.6861483269872574,
  "training_worker_0_memory_MB": 5797.87890625,
  "training_gpu_0_memory_MB": 9580.5712890625,
  "validation_accuracy": 0.6069868995633187,
  "validation_loss": 0.6606423453144405,
  "best_validation_accuracy": 0.6069868995633187,
  "best_validation_loss": 0.6606423453144405
}