{
  "best_epoch": 2,
  "peak_worker_0_memory_MB": 5797.87890625,
  "peak_gpu_0_memory_MB": 9580.5712890625,
  "training_duration": "0:39:02.048382",
  "training_start_epoch": 0,
  "training_epochs": 2,
  "epoch": 2,
  "training_accuracy": 0.6710334788937409,
  "training_loss": 0.6117937621230689,
  "training_worker_0_memory_MB": 5797.87890625,
  "training_gpu_0_memory_MB": 9580.5712890625,
  "validation_accuracy": 0.6462882096069869,
  "validation_loss": 0.6533409406309543,
  "best_validation_accuracy": 0.6462882096069869,
  "best_validation_loss": 0.6533409406309543
}