{
  "best_epoch": 2,
  "peak_worker_0_memory_MB": 5797.87890625,
  "peak_gpu_0_memory_MB": 9580.5712890625,
  "training_duration": "1:18:18.447402",
  "training_start_epoch": 0,
  "training_epochs": 5,
  "epoch": 5,
  "training_accuracy": 0.9568170790878214,
  "training_loss": 0.11713213549418679,
  "training_worker_0_memory_MB": 5797.87890625,
  "training_gpu_0_memory_MB": 9580.5712890625,
  "validation_accuracy": 0.611353711790393,
  "validation_loss": 1.476601100450321,
  "best_validation_accuracy": 0.6462882096069869,
  "best_validation_loss": 0.6533409406309543
}