{
  "best_epoch": 7,
  "peak_worker_0_memory_MB": 5797.87890625,
  "peak_gpu_0_memory_MB": 9580.5712890625,
  "training_duration": "3:02:42.251415",
  "training_start_epoch": 0,
  "training_epochs": 13,
  "epoch": 13,
  "training_accuracy": 0.997573993207181,
  "training_loss": 0.005912668033341526,
  "training_worker_0_memory_MB": 5797.87890625,
  "training_gpu_0_memory_MB": 9580.5712890625,
  "validation_accuracy": 0.6200873362445415,
  "validation_loss": 2.5206526149218047,
  "best_validation_accuracy": 0.6593886462882096,
  "best_validation_loss": 2.0602111723904155
}