{
  "best_epoch": 7,
  "peak_worker_0_memory_MB": 5797.87890625,
  "peak_gpu_0_memory_MB": 9580.5712890625,
  "training_duration": "1:57:32.081346",
  "training_start_epoch": 0,
  "training_epochs": 8,
  "epoch": 8,
  "training_accuracy": 0.9917515769044153,
  "training_loss": 0.022950642320854687,
  "training_worker_0_memory_MB": 5797.87890625,
  "training_gpu_0_memory_MB": 9580.5712890625,
  "validation_accuracy": 0.62882096069869,
  "validation_loss": 2.323584965155485,
  "best_validation_accuracy": 0.6593886462882096,
  "best_validation_loss": 2.0602111723904155
}