{
  "best_epoch": 7,
  "peak_worker_0_memory_MB": 5797.87890625,
  "peak_gpu_0_memory_MB": 9580.5712890625,
  "training_duration": "2:10:33.828311",
  "training_start_epoch": 0,
  "training_epochs": 9,
  "epoch": 9,
  "training_accuracy": 0.984958757884522,
  "training_loss": 0.0560886490145584,
  "training_worker_0_memory_MB": 5797.87890625,
  "training_gpu_0_memory_MB": 9580.5712890625,
  "validation_accuracy": 0.6244541484716157,
  "validation_loss": 1.7577192282992538,
  "best_validation_accuracy": 0.6593886462882096,
  "best_validation_loss": 2.0602111723904155
}