{
  "best_epoch": 7,
  "peak_worker_0_memory_MB": 5797.87890625,
  "peak_gpu_0_memory_MB": 9580.5712890625,
  "training_duration": "2:36:38.262404",
  "training_start_epoch": 0,
  "training_epochs": 11,
  "epoch": 11,
  "training_accuracy": 0.9956331877729258,
  "training_loss": 0.01198337990215525,
  "training_worker_0_memory_MB": 5797.87890625,
  "training_gpu_0_memory_MB": 9580.5712890625,
  "validation_accuracy": 0.62882096069869,
  "validation_loss": 2.354978834533983,
  "best_validation_accuracy": 0.6593886462882096,
  "best_validation_loss": 2.0602111723904155
}