{
  "best_epoch": 3,
  "peak_worker_0_memory_MB": 5804.65625,
  "peak_gpu_0_memory_MB": 9580.5712890625,
  "training_duration": "1:43:22.207613",
  "training_start_epoch": 0,
  "training_epochs": 7,
  "epoch": 7,
  "training_accuracy": 0.9805919456574479,
  "training_loss": 0.05185472030629731,
  "training_worker_0_memory_MB": 5804.65625,
  "training_gpu_0_memory_MB": 9580.5712890625,
  "validation_accuracy": 0.6331877729257642,
  "validation_loss": 1.8239361279327726,
  "best_validation_accuracy": 0.6375545851528385,
  "best_validation_loss": 0.8721293103597735
}