{
  "best_epoch": 0,
  "peak_worker_0_memory_MB": 5804.65625,
  "peak_gpu_0_memory_MB": 1359.6064453125,
  "training_duration": "0:12:26.952374",
  "training_start_epoch": 0,
  "training_epochs": 0,
  "epoch": 0,
  "training_accuracy": 0.5041242115477923,
  "training_loss": 0.8518094474055733,
  "training_worker_0_memory_MB": 5804.65625,
  "training_gpu_0_memory_MB": 1359.6064453125,
  "validation_accuracy": 0.4759825327510917,
  "validation_loss": 0.7002795805101809,
  "best_validation_accuracy": 0.4759825327510917,
  "best_validation_loss": 0.7002795805101809
}