{
  "best_epoch": 2,
  "peak_worker_0_memory_MB": 5804.65625,
  "peak_gpu_0_memory_MB": 9580.5712890625,
  "training_duration": "0:38:26.532389",
  "training_start_epoch": 0,
  "training_epochs": 2,
  "epoch": 2,
  "training_accuracy": 0.6729742843279961,
  "training_loss": 0.5982364110290431,
  "training_worker_0_memory_MB": 5804.65625,
  "training_gpu_0_memory_MB": 9580.5712890625,
  "validation_accuracy": 0.6244541484716157,
  "validation_loss": 0.6803130400245604,
  "best_validation_accuracy": 0.6244541484716157,
  "best_validation_loss": 0.6803130400245604
}