{
  "best_epoch": 1,
  "peak_worker_0_memory_MB": 7092.40625,
  "peak_gpu_0_memory_MB": 9561.62939453125,
  "training_duration": "0:54:42.609807",
  "training_start_epoch": 0,
  "training_epochs": 2,
  "epoch": 2,
  "training_accuracy": 0.9426116473957781,
  "training_loss": 0.16035864128217187,
  "training_worker_0_memory_MB": 7092.40625,
  "training_gpu_0_memory_MB": 9561.62939453125,
  "validation_accuracy": 0.8571865443425076,
  "validation_loss": 0.4876179744758279,
  "best_validation_accuracy": 0.8571865443425076,
  "best_validation_loss": 0.36766954183789247
}