{
  "best_epoch": 1,
  "peak_worker_0_memory_MB": 7092.40625,
  "peak_gpu_0_memory_MB": 9572.26025390625,
  "training_duration": "1:13:03.945487",
  "training_start_epoch": 0,
  "training_epochs": 3,
  "epoch": 3,
  "training_accuracy": 0.9699798451257028,
  "training_loss": 0.09113584904963797,
  "training_worker_0_memory_MB": 7092.40625,
  "training_gpu_0_memory_MB": 9572.26025390625,
  "validation_accuracy": 0.8504587155963302,
  "validation_loss": 0.5503105656647398,
  "best_validation_accuracy": 0.8571865443425076,
  "best_validation_loss": 0.36766954183789247
}