{
  "best_epoch": 5,
  "peak_worker_0_memory_MB": 7092.40625,
  "peak_gpu_0_memory_MB": 9572.26025390625,
  "training_duration": "3:03:37.145542",
  "training_start_epoch": 0,
  "training_epochs": 9,
  "epoch": 9,
  "training_accuracy": 0.9960751034263287,
  "training_loss": 0.011288434436974673,
  "training_worker_0_memory_MB": 7092.40625,
  "training_gpu_0_memory_MB": 9572.26025390625,
  "validation_accuracy": 0.8587155963302753,
  "validation_loss": 0.8674658431906638,
  "best_validation_accuracy": 0.8590214067278288,
  "best_validation_loss": 0.657437597946287
}