{
  "best_epoch": 1,
  "peak_worker_0_memory_MB": 5802.671875,
  "peak_gpu_0_memory_MB": 9580.5712890625,
  "training_duration": "0:25:49.730212",
  "training_start_epoch": 0,
  "training_epochs": 1,
  "epoch": 1,
  "training_accuracy": 0.586608442503639,
  "training_loss": 0.6711514223653536,
  "training_worker_0_memory_MB": 5802.671875,
  "training_gpu_0_memory_MB": 9580.5712890625,
  "validation_accuracy": 0.6375545851528385,
  "validation_loss": 0.6667406958082448,
  "best_validation_accuracy": 0.6375545851528385,
  "best_validation_loss": 0.6667406958082448
}