{
  "best_epoch": 12,
  "peak_worker_0_memory_MB": 5802.671875,
  "peak_gpu_0_memory_MB": 9580.5712890625,
  "training_duration": "3:12:45.557691",
  "training_start_epoch": 0,
  "training_epochs": 14,
  "epoch": 14,
  "training_accuracy": 0.9980591945657448,
  "training_loss": 0.006613545342168856,
  "training_worker_0_memory_MB": 5802.671875,
  "training_gpu_0_memory_MB": 9580.5712890625,
  "validation_accuracy": 0.6419213973799127,
  "validation_loss": 2.120267742756013,
  "best_validation_accuracy": 0.6550218340611353,
  "best_validation_loss": 2.0729240289296444
}