{
  "best_epoch": 12,
  "peak_worker_0_memory_MB": 5802.671875,
  "peak_gpu_0_memory_MB": 9580.5712890625,
  "training_duration": "3:00:25.235941",
  "training_start_epoch": 0,
  "training_epochs": 13,
  "epoch": 13,
  "training_accuracy": 0.9946627850557982,
  "training_loss": 0.01649413693173231,
  "training_worker_0_memory_MB": 5802.671875,
  "training_gpu_0_memory_MB": 9580.5712890625,
  "validation_accuracy": 0.6375545851528385,
  "validation_loss": 2.1053816312292284,
  "best_validation_accuracy": 0.6550218340611353,
  "best_validation_loss": 2.0729240289296444
}