{
  "best_epoch": 3,
  "peak_worker_0_memory_MB": 5802.671875,
  "peak_gpu_0_memory_MB": 9580.5712890625,
  "training_duration": "2:23:07.788180",
  "training_start_epoch": 0,
  "training_epochs": 10,
  "epoch": 10,
  "training_accuracy": 0.997573993207181,
  "training_loss": 0.009605864488415905,
  "training_worker_0_memory_MB": 5802.671875,
  "training_gpu_0_memory_MB": 9580.5712890625,
  "validation_accuracy": 0.6462882096069869,
  "validation_loss": 2.162676190779704,
  "best_validation_accuracy": 0.6462882096069869,
  "best_validation_loss": 0.937225836865685
}