{
  "best_epoch": 3,
  "peak_worker_0_memory_MB": 5802.671875,
  "peak_gpu_0_memory_MB": 9580.5712890625,
  "training_duration": "1:05:39.225575",
  "training_start_epoch": 0,
  "training_epochs": 4,
  "epoch": 4,
  "training_accuracy": 0.9155749636098981,
  "training_loss": 0.20384291557375736,
  "training_worker_0_memory_MB": 5802.671875,
  "training_gpu_0_memory_MB": 9580.5712890625,
  "validation_accuracy": 0.6331877729257642,
  "validation_loss": 1.2665815036460433,
  "best_validation_accuracy": 0.6462882096069869,
  "best_validation_loss": 0.937225836865685
}