{
  "best_epoch": 2,
  "peak_worker_0_memory_MB": 5802.671875,
  "peak_gpu_0_memory_MB": 9580.5712890625,
  "training_duration": "0:39:05.598625",
  "training_start_epoch": 0,
  "training_epochs": 2,
  "epoch": 2,
  "training_accuracy": 0.6889859291606016,
  "training_loss": 0.5740869206089813,
  "training_worker_0_memory_MB": 5802.671875,
  "training_gpu_0_memory_MB": 9580.5712890625,
  "validation_accuracy": 0.6419213973799127,
  "validation_loss": 0.6854144565113213,
  "best_validation_accuracy": 0.6419213973799127,
  "best_validation_loss": 0.6854144565113213
}