{
  "best_epoch": 12,
  "peak_worker_0_memory_MB": 5802.671875,
  "peak_gpu_0_memory_MB": 9580.5712890625,
  "training_duration": "2:47:48.817827",
  "training_start_epoch": 0,
  "training_epochs": 12,
  "epoch": 12,
  "training_accuracy": 0.9956331877729258,
  "training_loss": 0.013469504784622516,
  "training_worker_0_memory_MB": 5802.671875,
  "training_gpu_0_memory_MB": 9580.5712890625,
  "validation_accuracy": 0.6550218340611353,
  "validation_loss": 2.0729240289296444,
  "best_validation_accuracy": 0.6550218340611353,
  "best_validation_loss": 2.0729240289296444
}