{
  "accuracy": 0.6550218340611353,
  "loss": 0.7585106353234986
}