{
  "best_epoch": 3,
  "peak_worker_0_memory_MB": 5799.515625,
  "peak_gpu_0_memory_MB": 9580.5712890625,
  "training_duration": "1:59:34.063859",
  "training_start_epoch": 0,
  "training_epochs": 8,
  "epoch": 8,
  "training_accuracy": 0.987384764677341,
  "training_loss": 0.03620410482342497,
  "training_worker_0_memory_MB": 5799.515625,
  "training_gpu_0_memory_MB": 9580.5712890625,
  "validation_accuracy": 0.6069868995633187,
  "validation_loss": 2.1948622533578286,
  "best_validation_accuracy": 0.6550218340611353,
  "best_validation_loss": 0.7590329193246915
}