{
  "best_epoch": 3,
  "peak_worker_0_memory_MB": 5799.515625,
  "peak_gpu_0_memory_MB": 9580.5712890625,
  "training_duration": "2:12:49.916379",
  "training_start_epoch": 0,
  "training_epochs": 9,
  "epoch": 9,
  "training_accuracy": 0.9898107714701602,
  "training_loss": 0.025142965851598722,
  "training_worker_0_memory_MB": 5799.515625,
  "training_gpu_0_memory_MB": 9580.5712890625,
  "validation_accuracy": 0.6069868995633187,
  "validation_loss": 2.370032806295279,
  "best_validation_accuracy": 0.6550218340611353,
  "best_validation_loss": 0.7590329193246915
}