{
  "best_epoch": 3,
  "peak_worker_0_memory_MB": 5799.515625,
  "peak_gpu_0_memory_MB": 9580.5712890625,
  "training_duration": "0:53:06.741908",
  "training_start_epoch": 0,
  "training_epochs": 3,
  "epoch": 3,
  "training_accuracy": 0.7472100921882582,
  "training_loss": 0.5154039709640739,
  "training_worker_0_memory_MB": 5799.515625,
  "training_gpu_0_memory_MB": 9580.5712890625,
  "validation_accuracy": 0.6550218340611353,
  "validation_loss": 0.7590329193246915,
  "best_validation_accuracy": 0.6550218340611353,
  "best_validation_loss": 0.7590329193246915
}