{
  "best_epoch": 1,
  "peak_worker_0_memory_MB": 5802.83984375,
  "peak_gpu_0_memory_MB": 9580.5712890625,
  "training_duration": "2:09:00.827603",
  "training_start_epoch": 0,
  "training_epochs": 9,
  "epoch": 9,
  "training_accuracy": 0.995147986414362,
  "training_loss": 0.018702871876345083,
  "training_worker_0_memory_MB": 5802.83984375,
  "training_gpu_0_memory_MB": 9580.5712890625,
  "validation_accuracy": 0.62882096069869,
  "validation_loss": 2.0177523421971433,
  "best_validation_accuracy": 0.6637554585152838,
  "best_validation_loss": 0.6646289987408597
}