{
  "best_epoch": 1,
  "peak_worker_0_memory_MB": 5802.83984375,
  "peak_gpu_0_memory_MB": 9580.5712890625,
  "training_duration": "3:13:04.413651",
  "training_start_epoch": 0,
  "training_epochs": 14,
  "epoch": 14,
  "training_accuracy": 0.9980591945657448,
  "training_loss": 0.010041219864727351,
  "training_worker_0_memory_MB": 5802.83984375,
  "training_gpu_0_memory_MB": 9580.5712890625,
  "validation_accuracy": 0.6200873362445415,
  "validation_loss": 2.263881813335731,
  "best_validation_accuracy": 0.6637554585152838,
  "best_validation_loss": 0.6646289987408597
}