{
  "best_epoch": 1,
  "peak_worker_0_memory_MB": 5802.83984375,
  "peak_gpu_0_memory_MB": 9580.5712890625,
  "training_duration": "1:30:36.560352",
  "training_start_epoch": 0,
  "training_epochs": 6,
  "epoch": 6,
  "training_accuracy": 0.9689471130519165,
  "training_loss": 0.08723822616949083,
  "training_worker_0_memory_MB": 5802.83984375,
  "training_gpu_0_memory_MB": 9580.5712890625,
  "validation_accuracy": 0.6462882096069869,
  "validation_loss": 1.5636169862933458,
  "best_validation_accuracy": 0.6637554585152838,
  "best_validation_loss": 0.6646289987408597
}