{
  "best_epoch": 0,
  "peak_worker_0_memory_MB": 5802.83984375,
  "peak_gpu_0_memory_MB": 1359.6064453125,
  "training_duration": "0:12:37.822806",
  "training_start_epoch": 0,
  "training_epochs": 0,
  "epoch": 0,
  "training_accuracy": 0.5094614264919942,
  "training_loss": 0.8773505311584673,
  "training_worker_0_memory_MB": 5802.83984375,
  "training_gpu_0_memory_MB": 1359.6064453125,
  "validation_accuracy": 0.4759825327510917,
  "validation_loss": 0.698153239229451,
  "best_validation_accuracy": 0.4759825327510917,
  "best_validation_loss": 0.698153239229451
}