{
  "best_epoch": 1,
  "peak_worker_0_memory_MB": 5802.83984375,
  "peak_gpu_0_memory_MB": 9580.5712890625,
  "training_duration": "1:56:12.570728",
  "training_start_epoch": 0,
  "training_epochs": 8,
  "epoch": 8,
  "training_accuracy": 0.9868995633187773,
  "training_loss": 0.03248476698802104,
  "training_worker_0_memory_MB": 5802.83984375,
  "training_gpu_0_memory_MB": 9580.5712890625,
  "validation_accuracy": 0.6200873362445415,
  "validation_loss": 1.9528007791418096,
  "best_validation_accuracy": 0.6637554585152838,
  "best_validation_loss": 0.6646289987408597
}