{
  "best_epoch": 1,
  "peak_worker_0_memory_MB": 5802.83984375,
  "peak_gpu_0_memory_MB": 9580.5712890625,
  "training_duration": "0:25:42.552635",
  "training_start_epoch": 0,
  "training_epochs": 1,
  "epoch": 1,
  "training_accuracy": 0.5948568655992237,
  "training_loss": 0.6648936909551804,
  "training_worker_0_memory_MB": 5802.83984375,
  "training_gpu_0_memory_MB": 9580.5712890625,
  "validation_accuracy": 0.6637554585152838,
  "validation_loss": 0.6646289987408597,
  "best_validation_accuracy": 0.6637554585152838,
  "best_validation_loss": 0.6646289987408597
}