{
  "accuracy": 0.6681222707423581,
  "loss": 0.9238275886391816
}