{
  "best_epoch": 3,
  "peak_worker_0_memory_MB": 5793.1015625,
  "peak_gpu_0_memory_MB": 9580.5712890625,
  "training_duration": "1:17:45.606628",
  "training_start_epoch": 0,
  "training_epochs": 5,
  "epoch": 5,
  "training_accuracy": 0.9597282872392042,
  "training_loss": 0.11157176990642396,
  "training_worker_0_memory_MB": 5793.1015625,
  "training_gpu_0_memory_MB": 9580.5712890625,
  "validation_accuracy": 0.611353711790393,
  "validation_loss": 1.6972213462729047,
  "best_validation_accuracy": 0.6681222707423581,
  "best_validation_loss": 0.9163556621531429
}