{
  "best_epoch": 3,
  "peak_worker_0_memory_MB": 5793.1015625,
  "peak_gpu_0_memory_MB": 9580.5712890625,
  "training_duration": "1:43:33.480299",
  "training_start_epoch": 0,
  "training_epochs": 7,
  "epoch": 7,
  "training_accuracy": 0.984958757884522,
  "training_loss": 0.04069478105148636,
  "training_worker_0_memory_MB": 5793.1015625,
  "training_gpu_0_memory_MB": 9580.5712890625,
  "validation_accuracy": 0.62882096069869,
  "validation_loss": 1.8879286727890798,
  "best_validation_accuracy": 0.6681222707423581,
  "best_validation_loss": 0.9163556621531429
}