{
  "best_epoch": 2,
  "peak_worker_0_memory_MB": 5806.57421875,
  "peak_gpu_0_memory_MB": 9580.5712890625,
  "training_duration": "0:38:29.244739",
  "training_start_epoch": 0,
  "training_epochs": 2,
  "epoch": 2,
  "training_accuracy": 0.6622998544395924,
  "training_loss": 0.6073450008335595,
  "training_worker_0_memory_MB": 5806.57421875,
  "training_gpu_0_memory_MB": 9580.5712890625,
  "validation_accuracy": 0.6200873362445415,
  "validation_loss": 0.6559185815894085,
  "best_validation_accuracy": 0.6200873362445415,
  "best_validation_loss": 0.6559185815894085
}