{
  "best_epoch": 3,
  "peak_worker_0_memory_MB": 5806.57421875,
  "peak_gpu_0_memory_MB": 9580.5712890625,
  "training_duration": "0:51:34.932647",
  "training_start_epoch": 0,
  "training_epochs": 3,
  "epoch": 3,
  "training_accuracy": 0.7991266375545851,
  "training_loss": 0.43535776442821283,
  "training_worker_0_memory_MB": 5806.57421875,
  "training_gpu_0_memory_MB": 9580.5712890625,
  "validation_accuracy": 0.6637554585152838,
  "validation_loss": 0.8003474241365557,
  "best_validation_accuracy": 0.6637554585152838,
  "best_validation_loss": 0.8003474241365557
}