{
  "best_epoch": 3,
  "peak_worker_0_memory_MB": 5806.57421875,
  "peak_gpu_0_memory_MB": 9580.5712890625,
  "training_duration": "1:17:37.138198",
  "training_start_epoch": 0,
  "training_epochs": 5,
  "epoch": 5,
  "training_accuracy": 0.9509946627850558,
  "training_loss": 0.13533635090845145,
  "training_worker_0_memory_MB": 5806.57421875,
  "training_gpu_0_memory_MB": 9580.5712890625,
  "validation_accuracy": 0.6331877729257642,
  "validation_loss": 1.5428315377055222,
  "best_validation_accuracy": 0.6637554585152838,
  "best_validation_loss": 0.8003474241365557
}