{
  "best_epoch": 3,
  "peak_worker_0_memory_MB": 5806.57421875,
  "peak_gpu_0_memory_MB": 9580.5712890625,
  "training_duration": "1:56:15.758682",
  "training_start_epoch": 0,
  "training_epochs": 8,
  "epoch": 8,
  "training_accuracy": 0.984958757884522,
  "training_loss": 0.042269661643653166,
  "training_worker_0_memory_MB": 5806.57421875,
  "training_gpu_0_memory_MB": 9580.5712890625,
  "validation_accuracy": 0.6593886462882096,
  "validation_loss": 1.7202934186032508,
  "best_validation_accuracy": 0.6637554585152838,
  "best_validation_loss": 0.8003474241365557
}