{
  "best_epoch": 7,
  "peak_worker_0_memory_MB": 5811.04296875,
  "peak_gpu_0_memory_MB": 9580.5712890625,
  "training_duration": "2:11:14.682686",
  "training_start_epoch": 0,
  "training_epochs": 9,
  "epoch": 9,
  "training_accuracy": 0.7132459970887919,
  "training_loss": 0.5442352814483457,
  "training_worker_0_memory_MB": 5811.04296875,
  "training_gpu_0_memory_MB": 9580.5712890625,
  "validation_accuracy": 0.62882096069869,
  "validation_loss": 0.7672508003271145,
  "best_validation_accuracy": 0.6506550218340611,
  "best_validation_loss": 0.7514076527046121
}