{
  "best_epoch": 4,
  "peak_worker_0_memory_MB": 5811.04296875,
  "peak_gpu_0_memory_MB": 9580.5712890625,
  "training_duration": "1:05:18.893270",
  "training_start_epoch": 0,
  "training_epochs": 4,
  "epoch": 4,
  "training_accuracy": 0.6123241145075207,
  "training_loss": 0.6434560097574901,
  "training_worker_0_memory_MB": 5811.04296875,
  "training_gpu_0_memory_MB": 9580.5712890625,
  "validation_accuracy": 0.6157205240174672,
  "validation_loss": 0.7160288813969363,
  "best_validation_accuracy": 0.6157205240174672,
  "best_validation_loss": 0.7160288813969363
}