{
  "best_epoch": 7,
  "peak_worker_0_memory_MB": 5811.04296875,
  "peak_gpu_0_memory_MB": 9580.5712890625,
  "training_duration": "1:58:12.921679",
  "training_start_epoch": 0,
  "training_epochs": 8,
  "epoch": 8,
  "training_accuracy": 0.6957787481804949,
  "training_loss": 0.5613138281256677,
  "training_worker_0_memory_MB": 5811.04296875,
  "training_gpu_0_memory_MB": 9580.5712890625,
  "validation_accuracy": 0.6244541484716157,
  "validation_loss": 0.749444315161394,
  "best_validation_accuracy": 0.6506550218340611,
  "best_validation_loss": 0.7514076527046121
}