{
  "best_epoch": 1,
  "peak_worker_0_memory_MB": 5811.04296875,
  "peak_gpu_0_memory_MB": 9580.5712890625,
  "training_duration": "0:25:49.847666",
  "training_start_epoch": 0,
  "training_epochs": 1,
  "epoch": 1,
  "training_accuracy": 0.5560407569141194,
  "training_loss": 0.708656380046159,
  "training_worker_0_memory_MB": 5811.04296875,
  "training_gpu_0_memory_MB": 9580.5712890625,
  "validation_accuracy": 0.5807860262008734,
  "validation_loss": 0.717858758698339,
  "best_validation_accuracy": 0.5807860262008734,
  "best_validation_loss": 0.717858758698339
}