{
  "best_epoch": 11,
  "peak_worker_0_memory_MB": 5811.04296875,
  "peak_gpu_0_memory_MB": 9580.5712890625,
  "training_duration": "2:37:16.948474",
  "training_start_epoch": 0,
  "training_epochs": 11,
  "epoch": 11,
  "training_accuracy": 0.730228044638525,
  "training_loss": 0.5121972966133259,
  "training_worker_0_memory_MB": 5811.04296875,
  "training_gpu_0_memory_MB": 9580.5712890625,
  "validation_accuracy": 0.6550218340611353,
  "validation_loss": 0.805672458316321,
  "best_validation_accuracy": 0.6550218340611353,
  "best_validation_loss": 0.805672458316321
}