{
  "best_epoch": 7,
  "peak_worker_0_memory_MB": 5811.04296875,
  "peak_gpu_0_memory_MB": 9580.5712890625,
  "training_duration": "2:24:16.339767",
  "training_start_epoch": 0,
  "training_epochs": 10,
  "epoch": 10,
  "training_accuracy": 0.7210092188258127,
  "training_loss": 0.5252036047956118,
  "training_worker_0_memory_MB": 5811.04296875,
  "training_gpu_0_memory_MB": 9580.5712890625,
  "validation_accuracy": 0.6375545851528385,
  "validation_loss": 0.788141856536917,
  "best_validation_accuracy": 0.6506550218340611,
  "best_validation_loss": 0.7514076527046121
}