{
  "best_epoch": 3,
  "peak_worker_0_memory_MB": 5793.1015625,
  "peak_gpu_0_memory_MB": 9580.5712890625,
  "training_duration": "2:22:16.720920",
  "training_start_epoch": 0,
  "training_epochs": 10,
  "epoch": 10,
  "training_accuracy": 0.995147986414362,
  "training_loss": 0.01691491649362433,
  "training_worker_0_memory_MB": 5793.1015625,
  "training_gpu_0_memory_MB": 9580.5712890625,
  "validation_accuracy": 0.5720524017467249,
  "validation_loss": 2.3304405792973144,
  "best_validation_accuracy": 0.6681222707423581,
  "best_validation_loss": 0.9163556621531429
}