{
  "best_epoch": 3,
  "peak_worker_0_memory_MB": 5793.1015625,
  "peak_gpu_0_memory_MB": 9580.5712890625,
  "training_duration": "1:30:39.652901",
  "training_start_epoch": 0,
  "training_epochs": 6,
  "epoch": 6,
  "training_accuracy": 0.9757399320718098,
  "training_loss": 0.0697545796938357,
  "training_worker_0_memory_MB": 5793.1015625,
  "training_gpu_0_memory_MB": 9580.5712890625,
  "validation_accuracy": 0.6462882096069869,
  "validation_loss": 1.7201902007587941,
  "best_validation_accuracy": 0.6681222707423581,
  "best_validation_loss": 0.9163556621531429
}