{
  "best_epoch": 1,
  "peak_worker_0_memory_MB": 5793.1015625,
  "peak_gpu_0_memory_MB": 9580.5712890625,
  "training_duration": "0:25:36.798892",
  "training_start_epoch": 0,
  "training_epochs": 1,
  "epoch": 1,
  "training_accuracy": 0.5948568655992237,
  "training_loss": 0.6651584374360167,
  "training_worker_0_memory_MB": 5793.1015625,
  "training_gpu_0_memory_MB": 9580.5712890625,
  "validation_accuracy": 0.6506550218340611,
  "validation_loss": 0.662198713357034,
  "best_validation_accuracy": 0.6506550218340611,
  "best_validation_loss": 0.662198713357034
}