{
  "best_epoch": 0,
  "peak_worker_0_memory_MB": 5793.1015625,
  "peak_gpu_0_memory_MB": 1359.6064453125,
  "training_duration": "0:12:43.064791",
  "training_start_epoch": 0,
  "training_epochs": 0,
  "epoch": 0,
  "training_accuracy": 0.5118874332848132,
  "training_loss": 0.87734566320701,
  "training_worker_0_memory_MB": 5793.1015625,
  "training_gpu_0_memory_MB": 1359.6064453125,
  "validation_accuracy": 0.47161572052401746,
  "validation_loss": 0.6985798296721085,
  "best_validation_accuracy": 0.47161572052401746,
  "best_validation_loss": 0.6985798296721085
}