{
  "best_epoch": 3,
  "peak_worker_0_memory_MB": 5806.57421875,
  "peak_gpu_0_memory_MB": 9580.5712890625,
  "training_duration": "1:04:44.316788",
  "training_start_epoch": 0,
  "training_epochs": 4,
  "epoch": 4,
  "training_accuracy": 0.905870936438622,
  "training_loss": 0.24236158613818518,
  "training_worker_0_memory_MB": 5806.57421875,
  "training_gpu_0_memory_MB": 9580.5712890625,
  "validation_accuracy": 0.6375545851528385,
  "validation_loss": 1.108769482511865,
  "best_validation_accuracy": 0.6637554585152838,
  "best_validation_loss": 0.8003474241365557
}