{
  "best_epoch": 0,
  "peak_worker_0_memory_MB": 5806.57421875,
  "peak_gpu_0_memory_MB": 1359.6064453125,
  "training_duration": "0:12:28.479369",
  "training_start_epoch": 0,
  "training_epochs": 0,
  "epoch": 0,
  "training_accuracy": 0.5031538088306647,
  "training_loss": 0.8517923563432235,
  "training_worker_0_memory_MB": 5806.57421875,
  "training_gpu_0_memory_MB": 1359.6064453125,
  "validation_accuracy": 0.4759825327510917,
  "validation_loss": 0.6996545143749403,
  "best_validation_accuracy": 0.4759825327510917,
  "best_validation_loss": 0.6996545143749403
}