{
  "best_epoch": 8,
  "peak_worker_0_memory_MB": 5804.9140625,
  "peak_gpu_0_memory_MB": 9580.5712890625,
  "training_duration": "2:24:17.146699",
  "training_start_epoch": 0,
  "training_epochs": 10,
  "epoch": 10,
  "training_accuracy": 0.9810771470160117,
  "training_loss": 0.053672404535273714,
  "training_worker_0_memory_MB": 5804.9140625,
  "training_gpu_0_memory_MB": 9580.5712890625,
  "validation_accuracy": 0.6331877729257642,
  "validation_loss": 1.7811553167700565,
  "best_validation_accuracy": 0.6637554585152838,
  "best_validation_loss": 1.566425569042685
}