{
  "best_epoch": 3,
  "peak_worker_0_memory_MB": 5804.9140625,
  "peak_gpu_0_memory_MB": 9580.5712890625,
  "training_duration": "1:18:36.870265",
  "training_start_epoch": 0,
  "training_epochs": 5,
  "epoch": 5,
  "training_accuracy": 0.8825812712275595,
  "training_loss": 0.2841717901362035,
  "training_worker_0_memory_MB": 5804.9140625,
  "training_gpu_0_memory_MB": 9580.5712890625,
  "validation_accuracy": 0.6331877729257642,
  "validation_loss": 1.1945412789309477,
  "best_validation_accuracy": 0.6506550218340611,
  "best_validation_loss": 0.7696493254569562
}