{
  "best_epoch": 8,
  "peak_worker_0_memory_MB": 5804.9140625,
  "peak_gpu_0_memory_MB": 9580.5712890625,
  "training_duration": "2:50:23.177994",
  "training_start_epoch": 0,
  "training_epochs": 12,
  "epoch": 12,
  "training_accuracy": 0.987384764677341,
  "training_loss": 0.03792590871219615,
  "training_worker_0_memory_MB": 5804.9140625,
  "training_gpu_0_memory_MB": 9580.5712890625,
  "validation_accuracy": 0.62882096069869,
  "validation_loss": 1.8666245047091607,
  "best_validation_accuracy": 0.6637554585152838,
  "best_validation_loss": 1.566425569042685
}