{
  "best_epoch": 8,
  "peak_worker_0_memory_MB": 5804.9140625,
  "peak_gpu_0_memory_MB": 9580.5712890625,
  "training_duration": "2:37:19.534878",
  "training_start_epoch": 0,
  "training_epochs": 11,
  "epoch": 11,
  "training_accuracy": 0.9864143619602135,
  "training_loss": 0.04621391611912818,
  "training_worker_0_memory_MB": 5804.9140625,
  "training_gpu_0_memory_MB": 9580.5712890625,
  "validation_accuracy": 0.62882096069869,
  "validation_loss": 1.840608143804686,
  "best_validation_accuracy": 0.6637554585152838,
  "best_validation_loss": 1.566425569042685
}