{
  "best_epoch": 8,
  "peak_worker_0_memory_MB": 5804.9140625,
  "peak_gpu_0_memory_MB": 9580.5712890625,
  "training_duration": "3:03:27.217679",
  "training_start_epoch": 0,
  "training_epochs": 13,
  "epoch": 13,
  "training_accuracy": 0.9864143619602135,
  "training_loss": 0.04135439389761954,
  "training_worker_0_memory_MB": 5804.9140625,
  "training_gpu_0_memory_MB": 9580.5712890625,
  "validation_accuracy": 0.62882096069869,
  "validation_loss": 1.9190972860138256,
  "best_validation_accuracy": 0.6637554585152838,
  "best_validation_loss": 1.566425569042685
}