{
  "best_epoch": 8,
  "peak_worker_0_memory_MB": 5804.9140625,
  "peak_gpu_0_memory_MB": 9580.5712890625,
  "training_duration": "2:11:14.125543",
  "training_start_epoch": 0,
  "training_epochs": 9,
  "epoch": 9,
  "training_accuracy": 0.9747695293546822,
  "training_loss": 0.07310699494438058,
  "training_worker_0_memory_MB": 5804.9140625,
  "training_gpu_0_memory_MB": 9580.5712890625,
  "validation_accuracy": 0.6419213973799127,
  "validation_loss": 1.6705797110021154,
  "best_validation_accuracy": 0.6637554585152838,
  "best_validation_loss": 1.566425569042685
}