{
  "best_epoch": 3,
  "peak_worker_0_memory_MB": 5804.9140625,
  "peak_gpu_0_memory_MB": 9580.5712890625,
  "training_duration": "1:05:35.104522",
  "training_start_epoch": 0,
  "training_epochs": 4,
  "epoch": 4,
  "training_accuracy": 0.8253275109170306,
  "training_loss": 0.3890927393983405,
  "training_worker_0_memory_MB": 5804.9140625,
  "training_gpu_0_memory_MB": 9580.5712890625,
  "validation_accuracy": 0.6419213973799127,
  "validation_loss": 1.031204508913114,
  "best_validation_accuracy": 0.6506550218340611,
  "best_validation_loss": 0.7696493254569562
}