{
  "best_epoch": 0,
  "peak_worker_0_memory_MB": 5804.9140625,
  "peak_gpu_0_memory_MB": 1359.6064453125,
  "training_duration": "0:12:50.913241",
  "training_start_epoch": 0,
  "training_epochs": 0,
  "epoch": 0,
  "training_accuracy": 0.5259582726831635,
  "training_loss": 0.9593254069636504,
  "training_worker_0_memory_MB": 5804.9140625,
  "training_gpu_0_memory_MB": 1359.6064453125,
  "validation_accuracy": 0.47161572052401746,
  "validation_loss": 0.6965954498104427,
  "best_validation_accuracy": 0.47161572052401746,
  "best_validation_loss": 0.6965954498104427
}