{
  "best_epoch": 1,
  "peak_worker_0_memory_MB": 5804.9140625,
  "peak_gpu_0_memory_MB": 9580.5712890625,
  "training_duration": "0:25:53.758921",
  "training_start_epoch": 0,
  "training_epochs": 1,
  "epoch": 1,
  "training_accuracy": 0.5676855895196506,
  "training_loss": 0.6748005104752687,
  "training_worker_0_memory_MB": 5804.9140625,
  "training_gpu_0_memory_MB": 9580.5712890625,
  "validation_accuracy": 0.5982532751091703,
  "validation_loss": 0.7149881638910459,
  "best_validation_accuracy": 0.5982532751091703,
  "best_validation_loss": 0.7149881638910459
}