{
  "best_epoch": 3,
  "peak_worker_0_memory_MB": 5804.65625,
  "peak_gpu_0_memory_MB": 9580.5712890625,
  "training_duration": "1:04:40.867851",
  "training_start_epoch": 0,
  "training_epochs": 4,
  "epoch": 4,
  "training_accuracy": 0.9165453663270258,
  "training_loss": 0.22728034355218718,
  "training_worker_0_memory_MB": 5804.65625,
  "training_gpu_0_memory_MB": 9580.5712890625,
  "validation_accuracy": 0.6157205240174672,
  "validation_loss": 1.24802805895249,
  "best_validation_accuracy": 0.6375545851528385,
  "best_validation_loss": 0.8721293103597735
}