{
  "best_epoch": 3,
  "peak_worker_0_memory_MB": 5804.65625,
  "peak_gpu_0_memory_MB": 9580.5712890625,
  "training_duration": "1:17:34.808897",
  "training_start_epoch": 0,
  "training_epochs": 5,
  "epoch": 5,
  "training_accuracy": 0.9514798641436196,
  "training_loss": 0.12840650440372814,
  "training_worker_0_memory_MB": 5804.65625,
  "training_gpu_0_memory_MB": 9580.5712890625,
  "validation_accuracy": 0.6331877729257642,
  "validation_loss": 1.5984879675797066,
  "best_validation_accuracy": 0.6375545851528385,
  "best_validation_loss": 0.8721293103597735
}