{
  "best_epoch": 3,
  "peak_worker_0_memory_MB": 5804.65625,
  "peak_gpu_0_memory_MB": 9580.5712890625,
  "training_duration": "0:51:31.901574",
  "training_start_epoch": 0,
  "training_epochs": 3,
  "epoch": 3,
  "training_accuracy": 0.8102862688015526,
  "training_loss": 0.4155213947954158,
  "training_worker_0_memory_MB": 5804.65625,
  "training_gpu_0_memory_MB": 9580.5712890625,
  "validation_accuracy": 0.6375545851528385,
  "validation_loss": 0.8721293103597735,
  "best_validation_accuracy": 0.6375545851528385,
  "best_validation_loss": 0.8721293103597735
}