{
  "best_epoch": 1,
  "peak_worker_0_memory_MB": 5804.65625,
  "peak_gpu_0_memory_MB": 9580.5712890625,
  "training_duration": "0:25:21.029508",
  "training_start_epoch": 0,
  "training_epochs": 1,
  "epoch": 1,
  "training_accuracy": 0.5531295487627366,
  "training_loss": 0.6799297804586016,
  "training_worker_0_memory_MB": 5804.65625,
  "training_gpu_0_memory_MB": 9580.5712890625,
  "validation_accuracy": 0.5676855895196506,
  "validation_loss": 0.7242703656787458,
  "best_validation_accuracy": 0.5676855895196506,
  "best_validation_loss": 0.7242703656787458
}