{
  "best_epoch": 3,
  "peak_worker_0_memory_MB": 5804.65625,
  "peak_gpu_0_memory_MB": 9580.5712890625,
  "training_duration": "2:09:09.953638",
  "training_start_epoch": 0,
  "training_epochs": 9,
  "epoch": 9,
  "training_accuracy": 0.9917515769044153,
  "training_loss": 0.03164274851799116,
  "training_worker_0_memory_MB": 5804.65625,
  "training_gpu_0_memory_MB": 9580.5712890625,
  "validation_accuracy": 0.62882096069869,
  "validation_loss": 1.9865986391680528,
  "best_validation_accuracy": 0.6375545851528385,
  "best_validation_loss": 0.8721293103597735
}