{
  "best_epoch": 1,
  "peak_worker_0_memory_MB": 5813.8046875,
  "peak_gpu_0_memory_MB": 9580.5712890625,
  "training_duration": "0:25:30.252629",
  "training_start_epoch": 0,
  "training_epochs": 1,
  "epoch": 1,
  "training_accuracy": 0.5948568655992237,
  "training_loss": 0.6671409934329299,
  "training_worker_0_memory_MB": 5813.8046875,
  "training_gpu_0_memory_MB": 9580.5712890625,
  "validation_accuracy": 0.6550218340611353,
  "validation_loss": 0.6582926811083504,
  "best_validation_accuracy": 0.6550218340611353,
  "best_validation_loss": 0.6582926811083504
}