{
  "best_epoch": 0,
  "peak_worker_0_memory_MB": 5813.8046875,
  "peak_gpu_0_memory_MB": 1359.6064453125,
  "training_duration": "0:12:36.914254",
  "training_start_epoch": 0,
  "training_epochs": 0,
  "epoch": 0,
  "training_accuracy": 0.512372634643377,
  "training_loss": 0.8769976110287154,
  "training_worker_0_memory_MB": 5813.8046875,
  "training_gpu_0_memory_MB": 1359.6064453125,
  "validation_accuracy": 0.47161572052401746,
  "validation_loss": 0.6993547159692516,
  "best_validation_accuracy": 0.47161572052401746,
  "best_validation_loss": 0.6993547159692516
}