{
  "best_epoch": 7,
  "peak_worker_0_memory_MB": 5813.8046875,
  "peak_gpu_0_memory_MB": 9580.5712890625,
  "training_duration": "1:56:22.387982",
  "training_start_epoch": 0,
  "training_epochs": 8,
  "epoch": 8,
  "training_accuracy": 0.9893255701115963,
  "training_loss": 0.03398537298443653,
  "training_worker_0_memory_MB": 5813.8046875,
  "training_gpu_0_memory_MB": 9580.5712890625,
  "validation_accuracy": 0.6419213973799127,
  "validation_loss": 2.032088712066331,
  "best_validation_accuracy": 0.6681222707423581,
  "best_validation_loss": 1.9012036622558852
}