{
  "best_epoch": 3,
  "peak_worker_0_memory_MB": 5813.8046875,
  "peak_gpu_0_memory_MB": 9580.5712890625,
  "training_duration": "0:51:28.764598",
  "training_start_epoch": 0,
  "training_epochs": 3,
  "epoch": 3,
  "training_accuracy": 0.8355167394468704,
  "training_loss": 0.37290421368804977,
  "training_worker_0_memory_MB": 5813.8046875,
  "training_gpu_0_memory_MB": 9580.5712890625,
  "validation_accuracy": 0.6593886462882096,
  "validation_loss": 0.9422630163476519,
  "best_validation_accuracy": 0.6593886462882096,
  "best_validation_loss": 0.9422630163476519
}