{
  "best_epoch": 7,
  "peak_worker_0_memory_MB": 5813.8046875,
  "peak_gpu_0_memory_MB": 9580.5712890625,
  "training_duration": "2:09:16.655902",
  "training_start_epoch": 0,
  "training_epochs": 9,
  "epoch": 9,
  "training_accuracy": 0.9893255701115963,
  "training_loss": 0.031163591381580494,
  "training_worker_0_memory_MB": 5813.8046875,
  "training_gpu_0_memory_MB": 9580.5712890625,
  "validation_accuracy": 0.6244541484716157,
  "validation_loss": 2.0175129135183574,
  "best_validation_accuracy": 0.6681222707423581,
  "best_validation_loss": 1.9012036622558852
}